TwitchEmote-4head-1	AudienceEmotes	Happy!	
TwitchEmote-ampenergy-1	AudienceEmotes	Green flame!	
TwitchEmote-ampenergycherry-1	AudienceEmotes	Red flame!	
TwitchEmote-amptroppunch-1	AudienceEmotes	Purple can!	
TwitchEmote-anele-1	AudienceEmotes	Confuse!	
TwitchEmote-angryjack-1	AudienceEmotes	Snow disapproval!	
TwitchEmote-argieb8-1	AudienceEmotes	Eyebrow!	
TwitchEmote-arigatonas-1	AudienceEmotes	Purple cool!	
TwitchEmote-arsonnosexy-1	AudienceEmotes	Black hat human!	
TwitchEmote-asianglow-1	AudienceEmotes	Unimpress!	
TwitchEmote-babyrage-1	AudienceEmotes	Angry baby!	
TwitchEmote-batchest-1	AudienceEmotes	Astonish!	
TwitchEmote-bcouch-1	AudienceEmotes	Red couch!	
TwitchEmote-bcwarrior-1	AudienceEmotes	Pink hair human!	
TwitchEmote-behwan-1	AudienceEmotes	Good dog!	
TwitchEmote-biblethump-1	AudienceEmotes	Sad	
TwitchEmote-bigbrother-1	AudienceEmotes	Bald smile!	
TwitchEmote-bigphish-1	AudienceEmotes	Kanji!	
TwitchEmote-bjblazkowicz-1	AudienceEmotes	Protagonist!	
TwitchEmote-blargnaut-1	AudienceEmotes	Nervous smile!	
TwitchEmote-bleedpurple-1	AudienceEmotes	Leaking purple heart!	
TwitchEmote-blessrng-1	AudienceEmotes	Miracle!	
TwitchEmote-bloodtrail-1	AudienceEmotes	Encouragement cube!	
TwitchEmote-brainslug-1	AudienceEmotes	Green slug!	
TwitchEmote-brokeback-1	AudienceEmotes	Dead!	
TwitchEmote-budblast-1	AudienceEmotes	Star hat!	
TwitchEmote-buddhabar-1	AudienceEmotes	Peace!	
TwitchEmote-budstar-1	AudienceEmotes	Star badge!	
TwitchEmote-carlsmile-1	AudienceEmotes	Satisfied!	
TwitchEmote-cheffrank-1	AudienceEmotes	Woof!	
TwitchEmote-clarmy-1	AudienceEmotes	Clarmy!	
TwitchEmote-cmonbruh-1	AudienceEmotes	Bruh!	
TwitchEmote-coolcat-1	AudienceEmotes	Meow!	
TwitchEmote-coolstorybob-1	AudienceEmotes	Cool story!	
TwitchEmote-copythis-1	AudienceEmotes	Copier!	
TwitchEmote-corgiderp-1	AudienceEmotes	Bark!	
TwitchEmote-crreamawk-1	AudienceEmotes	Oh no!	
TwitchEmote-curselit-1	AudienceEmotes	Lit!	
TwitchEmote-daesuppy-1	AudienceEmotes	Really?	
TwitchEmote-dansgame-1	AudienceEmotes	Disgust!	
TwitchEmote-darkmode-1	AudienceEmotes	Evil Kappa!	
TwitchEmote-datsheffy-1	AudienceEmotes	Cool!	
TwitchEmote-dbstyle-1	AudienceEmotes	What!	
TwitchEmote-deilluminati-1	AudienceEmotes	Eye master!	
TwitchEmote-dendiface-1	AudienceEmotes	Problem?	
TwitchEmote-dogface-1	AudienceEmotes	Happy!	
TwitchEmote-doritoschip-1	AudienceEmotes	Corn chip!	
TwitchEmote-dududu-1	AudienceEmotes	Doot doot doot!	
TwitchEmote-dxabomb-1	AudienceEmotes	Neo!	
TwitchEmote-dxcat-1	AudienceEmotes	Meow!	
TwitchEmote-eagleeye-1	AudienceEmotes	Shifty!	
TwitchEmote-elegiggle-1	AudienceEmotes	Giggle!	
TwitchEmote-entropywins-1	AudienceEmotes	Madness!	
TwitchEmote-failfish-1	AudienceEmotes	Fail!	
TwitchEmote-fpsmarksman-1	AudienceEmotes	Surprise!	
TwitchEmote-frankerz-1	AudienceEmotes	Bark!	
TwitchEmote-freakinstinkin-1	AudienceEmotes	Freaking!	
TwitchEmote-freakinstinkin-2	AudienceEmotes	Stinking!	
TwitchEmote-fungineer-1	AudienceEmotes	Stare!	
TwitchEmote-funrun-1	AudienceEmotes	Anime!	
TwitchEmote-futureman-1	AudienceEmotes	Future approval!	
TwitchEmote-gingerpower-1	AudienceEmotes	Anger!	
TwitchEmote-giveplz-1	AudienceEmotes	Give!	
TwitchEmote-gowskull-1	AudienceEmotes	Skull!	
TwitchEmote-grammarking-1	AudienceEmotes	Fashion!	
TwitchEmote-greenteam-1	AudienceEmotes	Thingamagig!	
TwitchEmote-happyjack-1	AudienceEmotes	Snow man!	
TwitchEmote-hassaanchop-1	AudienceEmotes	Strong approval!	
TwitchEmote-gassanchop-1	AudienceEmotes	Mild approval!	
TwitchEmote-hassanchop-1	AudienceEmotes	Gentle smile!	
TwitchEmote-heyguys-1	AudienceEmotes	Hey guys!	
TwitchEmote-hotpokket-1	AudienceEmotes	Green disapproval!	
TwitchEmote-hscheers-1	AudienceEmotes	Cheers!	
TwitchEmote-hslight-1	AudienceEmotes	Card!	
TwitchEmote-hsvoid-1	AudienceEmotes	Microtransactions!	
TwitchEmote-hswp-1	AudienceEmotes	Well played!	
TwitchEmote-humblelife-1	AudienceEmotes	Angel gamer!	
TwitchEmote-imglitch-1	AudienceEmotes	Twitch!	
TwitchEmote-inuyoface-1	AudienceEmotes	Sassy cat!	
TwitchEmote-itsboshytime-1	AudienceEmotes	Warning!	
TwitchEmote-jebaited-1	AudienceEmotes	Amaze!	
TwitchEmote-jkanstyle-1	AudienceEmotes	Grey face!	
TwitchEmote-joncarnage-1	AudienceEmotes	Well!	
TwitchEmote-kapow-1	AudienceEmotes	Kapow!	
TwitchEmote-kapow-2	AudienceEmotes	Blammo!	
TwitchEmote-kappa-1	AudienceEmotes	Kappa!	
TwitchEmote-kappaclaus-1	AudienceEmotes	Merry kappa!	
TwitchEmote-kappapride-1	AudienceEmotes	Kappa pride!	
TwitchEmote-kappapride-2	AudienceEmotes	Rainbow kappa!	
TwitchEmote-kappaross-1	AudienceEmotes	Kappa Ross!	
TwitchEmote-kappaross-2	AudienceEmotes	Hair kappa!	
TwitchEmote-kappawealth-1	AudienceEmotes	Hat kappa!	
TwitchEmote-kappu-1	AudienceEmotes	Delicious!	
TwitchEmote-keepo-1	AudienceEmotes	Keepo!	
TwitchEmote-kevinturtle-1	AudienceEmotes	Style!	
TwitchEmote-kippa-1	AudienceEmotes	Kippa!	
TwitchEmote-koncha-1	AudienceEmotes	konishiwaa!	
TwitchEmote-kreygasm-1	AudienceEmotes	Oh man!	
TwitchEmote-kreygasm-2	AudienceEmotes	Wowow!	
TwitchEmote-kreygasm-3	AudienceEmotes	So good!	
TwitchEmote-kreygasm-4	AudienceEmotes	O M G!	
TwitchEmote-kreygasm-5	AudienceEmotes	Unf!	
TwitchEmote-lul-1	AudienceEmotes	lul!	
TwitchEmote-lul-2	AudienceEmotes	lul lul lul!	
TwitchEmote-mau5-1	AudienceEmotes	Mouse!	
TwitchEmote-mcat-1	AudienceEmotes	Music cat!	
TwitchEmote-mikehogu-1	AudienceEmotes	Oh no!	
TwitchEmote-minglee-1	AudienceEmotes	L O L!	
TwitchEmote-morphintime-1	AudienceEmotes	Crackle!	
TwitchEmote-mrdestructoid-1	AudienceEmotes	Robot!	
TwitchEmote-mrdestructoid-2	AudienceEmotes	Bot!	
TwitchEmote-mvgame-1	AudienceEmotes	Desperate!	
TwitchEmote-nerfblueblaster-1	AudienceEmotes	Blue gun!	
TwitchEmote-nerfredblaster-1	AudienceEmotes	Red gun!	
TwitchEmote-ninjagrumpy-1	AudienceEmotes	Grump!	
TwitchEmote-ninjatroll-1	AudienceEmotes	Human!	
TwitchEmote-nomnom-1	AudienceEmotes	Nom!	
TwitchEmote-nomnom-2	AudienceEmotes	Nom Nom!	
TwitchEmote-nonospot-1	AudienceEmotes	Nope!	
TwitchEmote-notatk-1	AudienceEmotes	Sly!	
TwitchEmote-notlikethis-1	AudienceEmotes	Not like this!	
TwitchEmote-ohmydog-1	AudienceEmotes	Oh my dog!	
TwitchEmote-ohmydog-2	AudienceEmotes	Oh my bark!	
TwitchEmote-ohmydog-3	AudienceEmotes	Oh my woof!	
TwitchEmote-ohmydog-4	AudienceEmotes	Bark bark bark!	
TwitchEmote-ohmydog-5	AudienceEmotes	Woof woof woof!	
TwitchEmote-omgscoots-1	AudienceEmotes	Well!	
TwitchEmote-onehand-1	AudienceEmotes	Smile!	
TwitchEmote-opieop-1	AudienceEmotes	Endorse!	
TwitchEmote-optimizeprime-1	AudienceEmotes	Boss!	
TwitchEmote-osfrog-1	AudienceEmotes	Ribbit!	
TwitchEmote-osfrog-2	AudienceEmotes	Croak!	
TwitchEmote-oskomodo-1	AudienceEmotes	Hiss!	
TwitchEmote-ossloth-1	AudienceEmotes	Squeak!	
TwitchEmote-panicbasket-1	AudienceEmotes	Fire!	
TwitchEmote-panicvis-1	AudienceEmotes	No!	
TwitchEmote-partytime-1	AudienceEmotes	Party time!	
TwitchEmote-pastathat-1	AudienceEmotes	Noodles!	
TwitchEmote-peopleschamp-1	AudienceEmotes	Champ!	
TwitchEmote-permasmug-1	AudienceEmotes	Smug!	
TwitchEmote-petezaroll-1	AudienceEmotes	Snack!	
TwitchEmote-petezarolltie-1	AudienceEmotes	Bow tie snack!	
TwitchEmote-picomause-1	AudienceEmotes	Cat human!	
TwitchEmote-pipehype-1	AudienceEmotes	Beard!	
TwitchEmote-pjsalt-1	AudienceEmotes	Salt!	
TwitchEmote-pjsugar-1	AudienceEmotes	Sugar!	
TwitchEmote-pmstwin-1	AudienceEmotes	Glare!	
TwitchEmote-pogchamp-1	AudienceEmotes	Pog!	
TwitchEmote-pogchamp-2	AudienceEmotes	Woah!	
TwitchEmote-poooound-1	AudienceEmotes	Fist bump!	
TwitchEmote-poooound-2	AudienceEmotes	Bump it!	
TwitchEmote-powerupl-1	AudienceEmotes	Power!	
TwitchEmote-powerupr-1	AudienceEmotes	Up!	
TwitchEmote-praiseit-2	AudienceEmotes	Shell!	
TwitchEmote-prchase-1	AudienceEmotes	Sinister!	
TwitchEmote-primeme-1	AudienceEmotes	Crown!	
TwitchEmote-punchtrees-1	AudienceEmotes	Block head!	
TwitchEmote-punoko-1	AudienceEmotes	Mad!	
TwitchEmote-puppeyface-1	AudienceEmotes	Side eye!	
TwitchEmote-quaddamage-1	AudienceEmotes	Cool game!	
TwitchEmote-raccattack-1	AudienceEmotes	Hiss!	
TwitchEmote-ralpherz-1	AudienceEmotes	Bark!	
TwitchEmote-ralpherz-2	AudienceEmotes	Woof!	
TwitchEmote-redcoat-1	AudienceEmotes	Bill!	
TwitchEmote-redteam-1	AudienceEmotes	Origami!	
TwitchEmote-residentsleeper-1	AudienceEmotes	Asleep!	
TwitchEmote-residentsleeper-2	AudienceEmotes	Z!	
TwitchEmote-residentsleeper-3	AudienceEmotes	Sleeping!	
TwitchEmote-ripepperonis-1	AudienceEmotes	Pepperoni!	
TwitchEmote-ripepperonis-2	AudienceEmotes	R I P!	
TwitchEmote-ritzmitz-1	AudienceEmotes	Dog human!	
TwitchEmote-rlytho-1	AudienceEmotes	Afro sceptic!	
TwitchEmote-rulefive-1	AudienceEmotes	Horror!	
TwitchEmote-sabaping-1	AudienceEmotes	Fish!	
TwitchEmote-seemsgood-1	AudienceEmotes	Good!	
TwitchEmote-seemsgood-2	AudienceEmotes	Thumbs up!	
TwitchEmote-shadylulu-1	AudienceEmotes	Heart glasses!	
TwitchEmote-shazbotstix-1	AudienceEmotes	Bleh!	
TwitchEmote-smoocherz-1	AudienceEmotes	Frown!	
TwitchEmote-smorc-1	AudienceEmotes	Smorc!	
TwitchEmote-smorc-2	AudienceEmotes	Orc!	
TwitchEmote-sobayed-1	AudienceEmotes	Ridicule!	
TwitchEmote-soonerlater-1	AudienceEmotes	Unease!	
TwitchEmote-squid1-1	AudienceEmotes	Tentacles!	
TwitchEmote-squid2-1	AudienceEmotes	Tentacle hat!	
TwitchEmote-squid3-1	AudienceEmotes	Squid!	
TwitchEmote-squid4-1	AudienceEmotes	Tentacle poke!	
TwitchEmote-ssssss-1	AudienceEmotes	Hissss!	
TwitchEmote-stinkycheese-1	AudienceEmotes	Cheese!	
TwitchEmote-stonelightning-1	AudienceEmotes	Smile!	
TwitchEmote-strawbeary-1	AudienceEmotes	Goatee!	
TwitchEmote-supervinlin-1	AudienceEmotes	Joy!	
TwitchEmote-swiftrage-1	AudienceEmotes	Anger!	
TwitchEmote-swiftrage-2	AudienceEmotes	Argh!	
TwitchEmote-swiftrage-3	AudienceEmotes	No!	
TwitchEmote-takenrg-1	AudienceEmotes	Take!	
TwitchEmote-tbtacoleft-1	AudienceEmotes	Tah!	
TwitchEmote-tbangel-1	AudienceEmotes	Angel bear!	
TwitchEmote-tbcheesepull-1	AudienceEmotes	Aaaaah!	
TwitchEmote-tbcrunchy-1	AudienceEmotes	Tacos!	
TwitchEmote-tbtacobag-1	AudienceEmotes	Taco bag!	
TwitchEmote-tbtacoprops-1	AudienceEmotes	Give me tacos!	
TwitchEmote-tbtacoright-1	AudienceEmotes	Coh!	
TwitchEmote-tearglove-1	AudienceEmotes	Boo hoo!	
TwitchEmote-tehepelo-1	AudienceEmotes	Tee hee!	
TwitchEmote-tf2john-1	AudienceEmotes	Admonish!	
TwitchEmote-theringer-1	AudienceEmotes	Bland smile!	
TwitchEmote-thankegg-1	AudienceEmotes	Grovel!	
TwitchEmote-thetarfu-1	AudienceEmotes	Panda human!	
TwitchEmote-theilluminati-1	AudienceEmotes	Eye master!	
TwitchEmote-thething-1	AudienceEmotes	Wild!	
TwitchEmote-thunbeast-1	AudienceEmotes	Anticipation!	
TwitchEmote-tinyface-1	AudienceEmotes	Beatnik!	
TwitchEmote-toospicy-1	AudienceEmotes	Eyebrow raise!	
TwitchEmote-totinosrecruit-1	AudienceEmotes	Sword!	
TwitchEmote-totinosring-1	AudienceEmotes	Precious!	
TwitchEmote-tpcrunchyroll-1	AudienceEmotes	Foxy!	
TwitchEmote-tpfufun-1	AudienceEmotes	Tea time!	
TwitchEmote-trihard-1	AudienceEmotes	Excite!	
TwitchEmote-ttours-1	AudienceEmotes	Camera!	
TwitchEmote-twitchlit-1	AudienceEmotes	Lit!	
TwitchEmote-twitchraid-1	AudienceEmotes	Bomb!	
TwitchEmote-twitchrpg-1	AudienceEmotes	Christmas!	
TwitchEmote-twitchunity-1	AudienceEmotes	Much love!	
TwitchEmote-twitchvotes-1	AudienceEmotes	Vote!	
TwitchEmote-uleetbackup-1	AudienceEmotes	Critic!	
TwitchEmote-unclenox-1	AudienceEmotes	Mullet!	
TwitchEmote-unsane-1	AudienceEmotes	Incredible!	
TwitchEmote-unsane-2	AudienceEmotes	Perfect!	
TwitchEmote-uwot-1	AudienceEmotes	Stern!	
TwitchEmote-vaultboy-1	AudienceEmotes	Cool!	
TwitchEmote-vohiyo-1	AudienceEmotes	Happy Cyborg!	
TwitchEmote-volary-1	AudienceEmotes	Ohio!	
TwitchEmote-votenay-1	AudienceEmotes	Nay!	
TwitchEmote-voteyea-1	AudienceEmotes	Yea!	
TwitchEmote-wholewheat-1	AudienceEmotes	Consider!	
TwitchEmote-wtruck-1	AudienceEmotes	Skeptic!	
TwitchEmote-wutface-1	AudienceEmotes	What?	
TwitchEmote-wutface-2	AudienceEmotes	Wut?	
TwitchEmote-xboxblack-1	AudienceEmotes	Add controller support!	
TwitchEmote-xboxelite-1	AudienceEmotes	Controller support!	
TwitchEmote-youwhy-1	AudienceEmotes	Why?	
TwitchEmote-youdontsay-1	AudienceEmotes	Eager!	
TwitchEmote-flipthis-1	AudienceEmotes	Flip this!	
TwitchEmote-tablehere-1	AudienceEmotes	Demon girl!	
TwitchEmote-scaredycat-1	AudienceEmotes	Scaredy Cat!	
TwitchEmote-kappahd-1	AudienceEmotes	H D Kappa!	
TwitchEmote-minik-1	AudienceEmotes	Mini Kappa!	
TwitchEmote-primeyoudontsay-1	AudienceEmotes	Look at my Prime!	
TwitchEmote-primeuwot-1	AudienceEmotes	Such Prime!	
TwitchEmote-primerlytho-1	AudienceEmotes	Really Prime!	
TwitchEmote-ophy-1	AudienceEmotes	Yay!	
TwitchEmote-ophy-2	AudienceEmotes	Yay! Ophelia!	
TwitchEmote-ophy-3	AudienceEmotes	Hurray!	
TwitchEmote-ophr-1	AudienceEmotes	Ophelia angry!	
TwitchEmote-ophr-2	AudienceEmotes	Ophelia rage!	
TwitchEmote-ophe-1	AudienceEmotes	She is evil!	
TwitchEmote-ophe-2	AudienceEmotes	So evil!	
TwitchEmote-ophe-3	AudienceEmotes	Muahahaha!	
TwitchEmote-ophe-4	AudienceEmotes	Evil girl, Ophelia!	
TwitchEmote-ophhi-1	AudienceEmotes	Hey hey!	
TwitchEmote-ophhi-2	AudienceEmotes	Hello Ophelia!	
TwitchEmote-ophhi-3	AudienceEmotes	Hi there!	
TwitchEmote-ophc-1	AudienceEmotes	Ophelia sad!	
TwitchEmote-ophc-2	AudienceEmotes	Sad, Ophelia!	
TwitchEmote-ophc-3	AudienceEmotes	Crying!	
TwitchEmote-ophc-4	AudienceEmotes	Waaaaaaaaaah! So sad!	
TwitchEmote-ophp-1	AudienceEmotes	What you say!?	
TwitchEmote-ophp-2	AudienceEmotes	Oh no, Ophelia!	
TwitchEmote-ophp-3	AudienceEmotes	Blue shock!	
TwitchEmote-ophp-4	AudienceEmotes	What is this!?	
TwitchEmote-ophl-1	AudienceEmotes	Love Ophelia!	
TwitchEmote-ophl-2	AudienceEmotes	Ophelia Love!	
TwitchEmote-ophl-3	AudienceEmotes	Blue haired heart girl!	
TwitchEmote-ophl-4	AudienceEmotes	Love love love!	
TwitchEmote-ophb-1	AudienceEmotes	Bit explosion!	
TwitchEmote-ophb-2	AudienceEmotes	So many bits!	
TwitchEmote-bliposhock-1	AudienceEmotes	Ah mah gawd!	
TwitchEmote-bjwylermgshield-1	AudienceEmotes	Cool shield!	
TwitchEmote-bjwyleabbytroll-1	AudienceEmotes	Abby troll!	
TwitchEmote-bjwyleabbytroll-2	AudienceEmotes	It's Abby!	
TwitchEmote-bjwyleerinhype2-1	AudienceEmotes	Erin!	
TwitchEmote-bukluv-1	AudienceEmotes	Buck love!	
TwitchEmote-bukohh-1	AudienceEmotes	Startled buck!	
TwitchEmote-bukold-1	AudienceEmotes	Old man!	
TwitchEmote-bukpls-1	AudienceEmotes	Buck please!	
TwitchEmote-bukrip-1	AudienceEmotes	Rip buck!	
TwitchEmote-buksad-1	AudienceEmotes	Sad buck!	
TwitchEmote-breath3kitchnibe-1	AudienceEmotes	Hello there!	
TwitchEmote-breath3kapeeesh-1	AudienceEmotes	Kapeeech?	
TwitchEmote-bribroheyguys-1	AudienceEmotes	hey guys!	
TwitchEmote-bribroanalysisbot-1	AnalysisBot	Hello!	
TwitchEmote-bribrocommentatron-1	Commentatron	Hello!	
TwitchEmote-brownbits-1	AudienceEmotes	Bits!	
TwitchEmote-brownblaze-1	AudienceEmotes	Picking teeth!	
TwitchEmote-brownchair-1	AudienceEmotes	Chair!	
TwitchEmote-browncharlie-1	AudienceEmotes	Charlie!	
TwitchEmote-browncharlie-2	AudienceEmotes	Who is a good dog?	
TwitchEmote-brownchoke-1	AudienceEmotes	Choke!	
TwitchEmote-browncringe-1	AudienceEmotes	eeeeeeeeeeeeeh!	
TwitchEmote-browncry-1	AudienceEmotes	So sad!	
TwitchEmote-browndance-1	AudienceEmotes	Let's dance!	
TwitchEmote-brownfail-1	AudienceEmotes	Fail!	
TwitchEmote-brownfeels-1	AudienceEmotes	Frog man!	
TwitchEmote-brownfirst-1	AudienceEmotes	First try!	
TwitchEmote-brownflag-1	AudienceEmotes	Puerto rico!	
TwitchEmote-browngarbo-1	AudienceEmotes	Garbage!	
TwitchEmote-browngg-1	AudienceEmotes	G G!	
TwitchEmote-browngnome-1	AudienceEmotes	Gnome!	
TwitchEmote-brownheart-1	AudienceEmotes	Brown heart!	
TwitchEmote-brownhey-1	AudienceEmotes	Hey!	
TwitchEmote-brownhype-1	AudienceEmotes	Hype hype!	
TwitchEmote-brownjokes-1	AudienceEmotes	He he he!	
TwitchEmote-brownkiss-1	AudienceEmotes	Kiss!	
TwitchEmote-brownkobe-1	AudienceEmotes	Knife!	
TwitchEmote-brownleah-1	AudienceEmotes	Intense!	
TwitchEmote-brownlewd-1	AudienceEmotes	Blush!	
TwitchEmote-brownlul-1	AudienceEmotes	lul!	
TwitchEmote-brownmalta-1	AudienceEmotes	Malta!	
TwitchEmote-brownman-1	AudienceEmotes	Brown man!	
TwitchEmote-brownmeme-1	AudienceEmotes	Meme!	
TwitchEmote-brownnom-1	AudienceEmotes	Nom nom nom!	
TwitchEmote-brownpride-1	AudienceEmotes	Brown pride!	
TwitchEmote-brownpride-2	AudienceEmotes	Rainbow man!	
TwitchEmote-brownrage-1	AudienceEmotes	Rage!	
TwitchEmote-brownrayd-1	AudienceEmotes	Rayd!	
TwitchEmote-browngasm-1	AudienceEmotes	Oh Brown!	
TwitchEmote-brownrekt-1	AudienceEmotes	Rekt!	
TwitchEmote-brownrip-1	AudienceEmotes	Rip!	
TwitchEmote-brownrose-1	AudienceEmotes	Rose!	
TwitchEmote-browns-1	AudienceEmotes	Brown frog!	
TwitchEmote-brownsalute-1	AudienceEmotes	Salute!	
TwitchEmote-brownscared-1	AudienceEmotes	Scary!	
TwitchEmote-brownsellout-1	AudienceEmotes	Sellout!	
TwitchEmote-brownsleep-1	AudienceEmotes	Sleep!	
TwitchEmote-brownslime-1	AudienceEmotes	Slimy!	
TwitchEmote-brownspooky-1	AudienceEmotes	Skeleton!	
TwitchEmote-brownthink-1	AudienceEmotes	Hmm...	
TwitchEmote-browntina-1	AudienceEmotes	Tina!	
TwitchEmote-browntrain-1	AudienceEmotes	Train!	
TwitchEmote-browntrophy-1	AudienceEmotes	Trophy!	
TwitchEmote-brownweeb-1	AudienceEmotes	Weeb man!	
TwitchEmote-brownwhoops-1	AudienceEmotes	Whoops!	
TwitchEmote-brownwut-1	AudienceEmotes	Wut!?	
TwitchEmote-brownyay-1	AudienceEmotes	Yay!	
TwitchEmote-browngold-1	AudienceEmotes	Brown gold!	
TwitchEmote-brownbag-1	AudienceEmotes	Money!	
TwitchEmote-bubberfeels-1	AudienceEmotes	Bubber feelings!	
TwitchEmote-bubberyct-1	AudienceEmotes	You can try!	
TwitchEmote-bubberrng-1	AudienceEmotes	R N G Prayer!	
TwitchEmote-bugamasub-1	AudienceEmotes	Sub Hype!	
TwitchEmote-bugamasub-2	AudienceEmotes	Sub sub sub!	
TwitchEmote-bugamasub-3	AudienceEmotes	Such hype!	
TwitchEmote-buttpicarry-1	AudienceEmotes	Carry!	
TwitchEmote-capjimcastor-1	AudienceEmotes	Combat beaver!	
TwitchEmote-capjimnoob-1	AudienceEmotes	u r noob!	
TwitchEmote-capjimflatulento-1	AudienceEmotes	Flatulento!	
TwitchEmote-cliffatk-1	AudienceEmotes	Pastry attack!	
TwitchEmote-cliffbonk-1	AudienceEmotes	Bonk!	
TwitchEmote-cliffchamp-1	AudienceEmotes	Champ!	
TwitchEmote-cliffcheeky-1	AudienceEmotes	Blue butt!	
TwitchEmote-cliffdabolous-1	AudienceEmotes	Dabolous!	
TwitchEmote-cliffew-1	AudienceEmotes	Eww!	
TwitchEmote-clifffork-1	AudienceEmotes	Fork!	
TwitchEmote-cliffg-1	AudienceEmotes	Golden Cliffy!	
TwitchEmote-cliffhey-1	AudienceEmotes	Hey!	
TwitchEmote-cliffinvisi-1	AudienceEmotes	Invisible!	
TwitchEmote-clifflul-1	AudienceEmotes	lul!	
TwitchEmote-clifflove-1	AudienceEmotes	Love beast!	
TwitchEmote-cliffmmhm-1	AudienceEmotes	Um-hmm!	
TwitchEmote-cliffpretty-1	AudienceEmotes	pretty boy!	
TwitchEmote-cliffwtf-1	AudienceEmotes	What the f!	
TwitchEmote-clifff-1	AudienceEmotes	Face man!	
TwitchEmote-cliffdwi-1	AudienceEmotes	Cow boy!	
TwitchEmote-creepsclown-1	AudienceEmotes	Clown!	
TwitchEmote-creepsgasm-1	AudienceEmotes	Excited ghost!	
TwitchEmote-creepsmask-1	AudienceEmotes	Alien cat!	
TwitchEmote-creepsthank-1	AudienceEmotes	Thanks guys!	
TwitchEmote-creepsxfroppy-1	AudienceEmotes	X Froppy!	
TwitchEmote-constabark-1	AudienceEmotes	Barky dog!	
TwitchEmote-couchcwizard-1	AudienceEmotes	Wizard!	
TwitchEmote-couchcmagma-1	AudienceEmotes	Hot dog!	
TwitchEmote-couchcberry-1	AudienceEmotes	Drink berry!	
TwitchEmote-crashkhead-1	AudienceEmotes	Crash head!	
TwitchEmote-crashkhost-1	AudienceEmotes	Host bomb!	
TwitchEmote-crashksandwich-1	AudienceEmotes	Sandwich!	
TwitchEmote-cripstHai-1	AudienceEmotes	Hello Penguin!	
TwitchEmote-cripstKing-1	AudienceEmotes	Penguin king!	
TwitchEmote-diamondgg-1	AudienceEmotes	G G!	
TwitchEmote-diamondgg-2	AudienceEmotes	Diamond G G!	
TwitchEmote-diamondgg-3	AudienceEmotes	Good Game!	
TwitchEmote-diamondhype-1	AudienceEmotes	Hype!	
TwitchEmote-diamondhype-2	AudienceEmotes	So much hype!	
TwitchEmote-diamondhype-3	AudienceEmotes	Get on the hype train!	
TwitchEmote-diamondhype-4	AudienceEmotes	Hype hype!	
TwitchEmote-dardan1heart-1	AudienceEmotes	Bone Heart!	
TwitchEmote-dardan1heart-2	AudienceEmotes	Glow heart!	
TwitchEmote-dardan1praise-1	AudienceEmotes	Praise hammer!	
TwitchEmote-dardan1stein-1	AudienceEmotes	Stein!	
TwitchEmote-dardan1stein-2	AudienceEmotes	Drinking cup!	
TwitchEmote-dardan1stein-3	AudienceEmotes	Bottoms up!	
TwitchEmote-darkatbeauty-1	AudienceEmotes	Beautiful man!	
TwitchEmote-darkatflames-1	AudienceEmotes	Green fire!	
TwitchEmote-doboroheyguys-1	AudienceEmotes	Hey guys!	
TwitchEmote-doboroheyguys-2	AudienceEmotes	Hello everybody!	
TwitchEmote-doborobaby-1	AudienceEmotes	HAPPY BABY!	
TwitchEmote-doborobaby-2	AudienceEmotes	Yay! Baby!	
TwitchEmote-doborovast-1	AudienceEmotes	VastLite is here!	
TwitchEmote-doborovast-2	AudienceEmotes	It is VastLite!	
TwitchEmote-draesub-1	AudienceEmotes	Sub hype!	
TwitchEmote-draesub-1	AudienceEmotes	Subscribe!	
TwitchEmote-draegasm-1	AudienceEmotes	oooooooooooooh!	
TwitchEmote-draegasm-2	AudienceEmotes	Drae-gasm!	
TwitchEmote-draegasm-3	AudienceEmotes	Oh Draegast!	
TwitchEmote-draepoop-1	AudienceEmotes	Poop!	
TwitchEmote-draepoop-2	AudienceEmotes	Pooping man!	
TwitchEmote-draekawaii-1	AudienceEmotes	Kawaii!	
TwitchEmote-draekawaii-2	AudienceEmotes	So cute!	
TwitchEmote-draekawaii-3	AudienceEmotes	What a cute man!	
TwitchEmote-enterbiscuit-1	AudienceEmotes	Biscuit!	
TwitchEmote-enterbrush-1	AudienceEmotes	Brush your teeth!	
TwitchEmote-entercommie-1	AudienceEmotes	Sieze the means of production!	
TwitchEmote-enterdead-1	AudienceEmotes	Dead!	
TwitchEmote-enterderp-1	AudienceEmotes	Derp cat!	
TwitchEmote-enterfeels-1	AudienceEmotes	The feels!	
TwitchEmote-enterflag-1	AudienceEmotes	Flag!	
TwitchEmote-enterhappy-1	AudienceEmotes	Happy cat!	
TwitchEmote-enterhide-1	AudienceEmotes	Hide!	
TwitchEmote-enterlove-1	AudienceEmotes	Enter the love!	
TwitchEmote-enternuke-1	AudienceEmotes	Nuke!	
TwitchEmote-entersalute-1	AudienceEmotes	Hello cat!	
TwitchEmote-enterscrub-1	AudienceEmotes	Scrub!	
TwitchEmote-entersurrender-1	AudienceEmotes	I surrender!	
TwitchEmote-enterpaw-1	AudienceEmotes	Paw!	
TwitchEmote-enterthx-1	AudienceEmotes	Tanks!	
TwitchEmote-enterfail-1	AudienceEmotes	Critical one!	
TwitchEmote-enterfail-2	AudienceEmotes	Fail!	
TwitchEmote-entercrit-1	AudienceEmotes	It's a crit!	
TwitchEmote-entercrit-2	AudienceEmotes	Natural 20!	
TwitchEmote-entercrit-2	AudienceEmotes	20!	
TwitchEmote-enteree-1	AudienceEmotes	eeeeeeeeeee!	
TwitchEmote-enteree-2	AudienceEmotes	E E!	
TwitchEmote-enterboom-1	AudienceEmotes	Boom!	
TwitchEmote-enterbang-1	AudienceEmotes	Bang!	
TwitchEmote-entertea-1	AudienceEmotes	Tea!	
TwitchEmote-entertea-2	AudienceEmotes	Time for tea!	
TwitchEmote-entertea-3	AudienceEmotes	Tea time!	
TwitchEmote-entersocks-1	AudienceEmotes	Socks!	
TwitchEmote-entersocks-2	AudienceEmotes	Cute cat!	
TwitchEmote-entersocks-3	AudienceEmotes	The best cat!	
TwitchEmote-entersocks-4	AudienceEmotes	Yay Socks!	
TwitchEmote-ezman3bb-1	AudienceEmotes	E Z Baby!	
TwitchEmote-ezman3handsome-1	AudienceEmotes	So handsome!	
TwitchEmote-ezman3boy-1	AudienceEmotes	Sunglass boy!	
TwitchEmote-fireemheart-1	AudienceEmotes	Fireem love!	
TwitchEmote-gaming15gg-1	AudienceEmotes	G G!	
TwitchEmote-gaming15salt-1	AudienceEmotes	Salt!	
TwitchEmote-gaming15picard-1	AudienceEmotes	Face palm!	
TwitchEmote-leftremunch-1	AudienceEmotes	Nom nom bird!	
TwitchEmote-leftredab-1	AudienceEmotes	Dab dab dab!	
TwitchEmote-leftrecry-1	AudienceEmotes	Bird is sad!	
TwitchEmote-marchf4sv-1	AudienceEmotes	Fox crown!	
TwitchEmote-marchfcry-1	AudienceEmotes	Sad fox!	
TwitchEmote-marchffail-1	AudienceEmotes	Fail fox!	
TwitchEmote-marchfgasm-1	AudienceEmotes	Fox-gasm!	
TwitchEmote-marchfhi-1	AudienceEmotes	Hi!	
TwitchEmote-marchflove-1	AudienceEmotes	Foxy love!	
TwitchEmote-marchflul-1	AudienceEmotes	He he he he!	
TwitchEmote-marchfshield-1	AudienceEmotes	Shield!	
TwitchEmote-marchfsword-1	AudienceEmotes	Fire sword!	
TwitchEmote-marchfbaldej-1	AudienceEmotes	Baldej!	
TwitchEmote-goldiehappy-1	AudienceEmotes	Happy face!	
TwitchEmote-goldieangry-1	AudienceEmotes	Angry!	
TwitchEmote-grtf-1	AudienceEmotes	Gilder Face!	
TwitchEmote-grtatmilk-1	AudienceEmotes	Milk!	
TwitchEmote-grttoss-1	AudienceEmotes	In the garbage!	
TwitchEmote-grtthinking-1	AudienceEmotes	THINKING!	
TwitchEmote-grtrip-1	AudienceEmotes	REST IN PEACE!	
TwitchEmote-grtsmug-1	AudienceEmotes	Smug face!	
TwitchEmote-grtlove-1	AudienceEmotes	Gilder Love!	
TwitchEmote-grtweeb-1	AudienceEmotes	Dreamy!	
TwitchEmote-grtsellout-1	AudienceEmotes	Sell out!	
TwitchEmote-grthey-1	AudienceEmotes	Hey there!	
TwitchEmote-grtgreatgreat-1	AudienceEmotes	Off-brand sonic!	
TwitchEmote-grthype-1	AudienceEmotes	HYPE!	
TwitchEmote-grtsoup-1	AudienceEmotes	Give me soup!	
TwitchEmote-grtsoup-2	AudienceEmotes	Soup!	
TwitchEmote-grtsoup-3	AudienceEmotes	More soup!	
TwitchEmote-grtsquawk-1	AudienceEmotes	Cowboy bird!	
TwitchEmote-grtnoot-1	AudienceEmotes	Crazy penguin!	
TwitchEmote-grtone-1	AudienceEmotes	one!	
TwitchEmote-grtrude-1	AudienceEmotes	Rude!	
TwitchEmote-grtrude-2	AudienceEmotes	So rude!	
TwitchEmote-grttrash-1	AudienceEmotes	Trash money!	
TwitchEmote-grtfire-1	AudienceEmotes	Garbage fire!	
TwitchEmote-ilikemcreep-1	AudienceEmotes	Creep!	
TwitchEmote-ilikemlul-1	AudienceEmotes	lul!	
TwitchEmote-ilikembard-1	AudienceEmotes	Bard!	
TwitchEmote-jaroldshield-1	AudienceEmotes	Shield!	
TwitchEmote-jarolddragon-1	AudienceEmotes	Dragon!	
TwitchEmote-justre1Just-1	AudienceEmotes	Good Game!	
TwitchEmote-justre1Just-2	AudienceEmotes	G G!	
TwitchEmote-kalawabaldie-1	AudienceEmotes	Kalawa!	
TwitchEmote-kalawalove-1	AudienceEmotes	Kalawa love!	
TwitchEmote-kalawasmug-1	AudienceEmotes	Smug kalawa!	
TwitchEmote-kgothkoalaty-1	AudienceEmotes	Cute koala!	
TwitchEmote-kgothactually-1	AudienceEmotes	Um, actually!	
TwitchEmote-kgothdude-1	AudienceEmotes	Funny dog!	
TwitchEmote-kgothl-1	AudienceEmotes	Lemming!	
TwitchEmote-kgothrights-1	AudienceEmotes	Embarassed paper!	
TwitchEmote-kgothsrs-1	AudienceEmotes	Seriously guys!	
TwitchEmote-kgothsip-1	AudienceEmotes	Drunk goth!	
TwitchEmote-kgothsexy-1	AudienceEmotes	Hey girl!	
TwitchEmote-kgothfine-1	AudienceEmotes	It's fine.	
TwitchEmote-kgothwowee-1	AudienceEmotes	Amazed girl!	
TwitchEmote-kgothpole-1	AudienceEmotes	Blue face!	
TwitchEmote-kgothsent-1	AudienceEmotes	Purple face!	
TwitchEmote-kgothdong-1	AudienceEmotes	Fire dong!	
TwitchEmote-kgothbackpack-1	AudienceEmotes	Backpack man!	
TwitchEmote-kgothboom-1	AudienceEmotes	Boom head!	
TwitchEmote-kgothchamp-1	AudienceEmotes	Happy bear!	
TwitchEmote-kgothcheat-1	AudienceEmotes	Bearded pikachu!	
TwitchEmote-kgothclown-1	AudienceEmotes	Clown!	
TwitchEmote-kgothcreep-1	AudienceEmotes	Creepy!	
TwitchEmote-kgothcringe-1	AudienceEmotes	Upset elf!	
TwitchEmote-kgothdoit-1	AudienceEmotes	Do it!	
TwitchEmote-kgothfeels-1	AudienceEmotes	The feels!	
TwitchEmote-kgothfundad-1	AudienceEmotes	Fun dad!	
TwitchEmote-kgothhi-1	AudienceEmotes	Hi!	
TwitchEmote-kgothhype-1	AudienceEmotes	Hype!	
TwitchEmote-kgothjuice-1	AudienceEmotes	Juice!	
TwitchEmote-kgothjustright-1	AudienceEmotes	Turtle approval!	
TwitchEmote-kgothkek-1	AudienceEmotes	Kek kek kek!	
TwitchEmote-kgothkg-1	AudienceEmotes	K G!	
TwitchEmote-kgothleg-1	AudienceEmotes	I eat it!	
TwitchEmote-kgothlewd-1	AudienceEmotes	Mmm hmm!	
TwitchEmote-kgothlewd-2	AudienceEmotes	lewd!	
TwitchEmote-kgothlink-1	AudienceEmotes	Link is here!	
TwitchEmote-kgothlink-2	AudienceEmotes	Link!	
TwitchEmote-kgothlove-1	AudienceEmotes	Goth love!	
TwitchEmote-kgothlurk-1	AudienceEmotes	Lurk!	
TwitchEmote-kgothnlt-1	AudienceEmotes	Not like this!	
TwitchEmote-kgothparty-1	AudienceEmotes	Party!	
TwitchEmote-kgothpf-1	AudienceEmotes	Staring dog!	
TwitchEmote-kgothpuzzle-1	AudienceEmotes	Puzzle elf!	
TwitchEmote-kgothrage-1	AudienceEmotes	Angry!	
TwitchEmote-kgothsad-1	AudienceEmotes	Boo hoo!	
TwitchEmote-kgothsalt-1	AudienceEmotes	Salt!	
TwitchEmote-kgothslam-1	AudienceEmotes	Slam!	
TwitchEmote-kgothsmart-1	AudienceEmotes	Smart!	
TwitchEmote-kgotht-1	AudienceEmotes	Tiger!	
TwitchEmote-kgothteehee-1	AudienceEmotes	Tee hee!	
TwitchEmote-kgothten-1	AudienceEmotes	Ten of ten!	
TwitchEmote-kgothwaifu-1	AudienceEmotes	Waifu!	
TwitchEmote-kgothparty-1	AudienceEmotes	Party girl!	
TwitchEmote-kgothyeah-1	AudienceEmotes	Glowing teeth!	
TwitchEmote-kgothzero-1	AudienceEmotes	Zero of ten!	
TwitchEmote-kgothtenbucks-1	AudienceEmotes	Ten bucks!	
TwitchEmote-kgothtwentyfivebucks-1	AudienceEmotes	Twenty five bucks!	
TwitchEmote-itheunbeaker-1	AudienceEmotes	Un-chosen!	
TwitchEmote-lightn7corn-1	AudienceEmotes	Corn dogged!	
TwitchEmote-lightn7chili-1	AudienceEmotes	Chili dogged!	
TwitchEmote-lightn7flash-1	AudienceEmotes	Flash dogged!	
TwitchEmote-lptfunlurk-1	AudienceEmotes	Can't see me!	
TwitchEmote-lptfunnation-1	AudienceEmotes	Fun nation!	
TwitchEmote-lpthype-1	AudienceEmotes	Mega hype!	
TwitchEmote-luckynhi-1	AudienceEmotes	Hi!	
TwitchEmote-luckynl-1	AudienceEmotes	7 love!	
TwitchEmote-luckync-1	AudienceEmotes	Cup number 7!	
TwitchEmote-maladehmm-1	AudienceEmotes	Hmm!	
TwitchEmote-maladegasm-1	AudienceEmotes	Yes mr wizard!	
TwitchEmote-maladek-1	AudienceEmotes	Hmm hmm hmm!	
TwitchEmote-mwsoldgeagle-1	AudienceEmotes	Geagle!	
TwitchEmote-mwsolddespair-1	AudienceEmotes	Despair eagle!	
TwitchEmote-nobe4rdchamp-1	AudienceEmotes	No beard!	
TwitchEmote-nobe4rdwut-1	AudienceEmotes	wut is this?	
TwitchEmote-nobe4rdkappa-1	AudienceEmotes	Kappa Shaves!	
TwitchEmote-oringelove-1	AudienceEmotes	Oringe love!	
TwitchEmote-oringescared-1	AudienceEmotes	Scary oringe!	
TwitchEmote-oringedoggo-1	AudienceEmotes	it is the doggo!	
TwitchEmote-pepcnah-1	AudienceEmotes	Neon heart!	
TwitchEmote-pepcnap-1	AudienceEmotes	Pep pep!	
TwitchEmote-pepcnacv-1	AudienceEmotes	Cool vibe!	
TwitchEmote-pistyibawaz-1	AudienceEmotes	Bawaz!	
TwitchEmote-pistyihobba-1	AudienceEmotes	Hobba!	
TwitchEmote-pistyirwesh-1	AudienceEmotes	Cool dude!	
TwitchEmote-pistyiking-1	AudienceEmotes	King!	
TwitchEmote-pappablove-1	AudienceEmotes	Love you pappa!	
TwitchEmote-pappablove-2	AudienceEmotes	Beren love!	
TwitchEmote-pokeyslove-1	AudienceEmotes	Love leaf!	
TwitchEmote-pokeyswow-1	AudienceEmotes	Wow!	
TwitchEmote-pokeyspot-1	AudienceEmotes	Gold pot!	
TwitchEmote-pyrofrcorazon-1	AudienceEmotes	Pyro Heart!	
TwitchEmote-pyrofr2gen-1	AudienceEmotes	Sceptic wizard!	
TwitchEmote-pyrofrprueba-1	AudienceEmotes	Ultimate Pyro!	
TwitchEmote-rxyarya-1	AudienceEmotes	Arya!	
TwitchEmote-rxyarya-2	AudienceEmotes	Meow meow meow!	
TwitchEmote-rxyfail-1	AudienceEmotes	Fail!	
TwitchEmote-rxyhey-1	AudienceEmotes	Hey there!	
TwitchEmote-rxyhype-1	AudienceEmotes	Hype Hype hype!	
TwitchEmote-rxylol-1	AudienceEmotes	ha ha ha ha!	
TwitchEmote-rxynerd-1	AudienceEmotes	See you later nerd!	
TwitchEmote-rxyrekt-1	AudienceEmotes	Rekt!	
TwitchEmote-rxywhat-1	AudienceEmotes	Whaaaaat?	
TwitchEmote-rxywut-1	AudienceEmotes	Hyper cat!	
TwitchEmote-rxysnipe-1	AudienceEmotes	Snipe!	
TwitchEmote-ryusukh-1	AudienceEmotes	Ryusuk-eh love!	
TwitchEmote-ryusukt-1	AudienceEmotes	Panda tears!	
TwitchEmote-ryusukrip-1	AudienceEmotes	Rip!	
TwitchEmote-ryycorlove-1	AudienceEmotes	Love ryycor!	
TwitchEmote-ryycorlove-2	AudienceEmotes	Ryycor heart!	
TwitchEmote-ryycorsalty-1	AudienceEmotes	Salty!	
TwitchEmote-ryycorachu-1	AudienceEmotes	Pika ry!	
TwitchEmote-ryycorachu-2	AudienceEmotes	Ryy-chu!	
TwitchEmote-sirrefscrub-1	AudienceEmotes	Scrub!	
TwitchEmote-sirrefhem-1	AudienceEmotes	Heme Bond!	
TwitchEmote-satyvajutsu-1	AudienceEmotes	Satyva jutsu!	
TwitchEmote-satyvaJ-1	AudienceEmotes	Egg mask!	
TwitchEmote-sharizhype-1	AudienceEmotes	Hype pickle!	
TwitchEmote-sharizhype-1	AudienceEmotes	Shariz hype!	
TwitchEmote-sharizbob-1	AudienceEmotes	It's bob!	
TwitchEmote-sharizbob-2	AudienceEmotes	Hello bob!	
TwitchEmote-sjolunretario-1	AudienceEmotes	It's a me!	
TwitchEmote-sjolunretario-2	AudienceEmotes	What plumbing?	
TwitchEmote-sjolunretario-3	AudienceEmotes	I found it like this!	
TwitchEmote-sjolun4head-1	AudienceEmotes	Look at my forehead!	
TwitchEmote-sjolunviking-1	AudienceEmotes	Viking!	
TwitchEmote-sodalul-1	AudienceEmotes	LUL!	
TwitchEmote-sodalul-2	AudienceEmotes	lul lul lul!	
TwitchEmote-sodagasp-1	AudienceEmotes	Gasp!	
TwitchEmote-sodapepe-1	AudienceEmotes	Pepe!	
TwitchEmote-sodapepe-2	AudienceEmotes	Hello it is Pepe!	
TwitchEmote-sodathinking-1	AudienceEmotes	Hmm...	
TwitchEmote-sodathinking-2	AudienceEmotes	Thinking...	
TwitchEmote-sodarage-1	AudienceEmotes	RAAAAAAAAAAAGE!	
TwitchEmote-sodarage-2	AudienceEmotes	Rage!	
TwitchEmote-sodacool-1	AudienceEmotes	Cool!	
TwitchEmote-sodacool-2	AudienceEmotes	COOOOOOOOOOOOL!	
TwitchEmote-sodawut-1	AudienceEmotes	wut?	
TwitchEmote-sodathump-1	AudienceEmotes	Sad!	
TwitchEmote-sodathump-2	AudienceEmotes	Crying fox!	
TwitchEmote-sodathump-3	AudienceEmotes	So sad!	
TwitchEmote-sodahi-1	AudienceEmotes	Hi!	
TwitchEmote-sodawat-1	AudienceEmotes	Wat?	
TwitchEmote-sodawat-2	AudienceEmotes	Wat!?	
TwitchEmote-sodal-1	AudienceEmotes	Soda Love!	
TwitchEmote-sodal-2	AudienceEmotes	Love Soda!	
TwitchEmote-sodal-3	AudienceEmotes	Luv luv luv!	
TwitchEmote-sodang-1	AudienceEmotes	Angry Polar Bear!	
TwitchEmote-sodag-1	AudienceEmotes	Giraffe!	
TwitchEmote-sodag-2	AudienceEmotes	It's a Giraffe!	
TwitchEmote-sodaff-1	AudienceEmotes	Face Palm!	
TwitchEmote-sodaheyguys-1	AudienceEmotes	Hey guys!	
TwitchEmote-sodads-1	AudienceEmotes	Cool doge.	
TwitchEmote-sodalouder-1	AudienceEmotes	LOUDER!	
TwitchEmote-sodaemoji-1	AudienceEmotes	Emoji!	
TwitchEmote-sodariot-1	AudienceEmotes	RIOT!	
TwitchEmote-sodariot-2	AudienceEmotes	Let's start a riot!	
TwitchEmote-sodapuke-1	AudienceEmotes	BARF!	
TwitchEmote-sodapuke-2	AudienceEmotes	BLARGH!	
TwitchEmote-sodafeels-1	AudienceEmotes	The feels!	
TwitchEmote-sodafeels-2	AudienceEmotes	Right in the feels!	
TwitchEmote-sodaso-1	AudienceEmotes	SELL OUT!	
TwitchEmote-sodahp-1	AudienceEmotes	Hey Plebs!	
TwitchEmote-sodas-1	AudienceEmotes	Smile!	
TwitchEmote-sodas-2	AudienceEmotes	Nice smile!	
TwitchEmote-sodac-1	AudienceEmotes	EVIL!	
TwitchEmote-sodac-2	AudienceEmotes	SO EVIL!	
TwitchEmote-sodaw-1	AudienceEmotes	What you gonna do?	
TwitchEmote-sodaw-2	AudienceEmotes	Problem?	
TwitchEmote-sodamicmuted-1	AudienceEmotes	MUTED!	
TwitchEmote-sodamicmuted-1	AudienceEmotes	MIC MUTED!	
TwitchEmote-sodanope-1	AudienceEmotes	Nope!	
TwitchEmote-sodanope-1	AudienceEmotes	Nope nope nope nope nope nope!	
TwitchEmote-sogaeolove-1	AudienceEmotes	Aeon love!	
TwitchEmote-sogaeomono-1	AudienceEmotes	Scare bear!	
TwitchEmote-sogaeoobject-1	AudienceEmotes	Objection!	
TwitchEmote-teknolheart-1	AudienceEmotes	Turtle heart!	
TwitchEmote-theatagasm-1	AudienceEmotes	Atagasm!	
TwitchEmote-theatarip-1	AudienceEmotes	rip!	
TwitchEmote-theatahype-1	AudienceEmotes	Hype!	
TwitchEmote-thesec1lol-1	AudienceEmotes	l o o o o o l!	
TwitchEmote-thesec1troll-1	AudienceEmotes	Troll face!	
TwitchEmote-thesec1qwackasl-1	AudienceEmotes	Feed the duck!	
TwitchEmote-thechiefbbc-1	AudienceEmotes	Beautiful Black Chicken!	
TwitchEmote-thechiefbits-1	AudienceEmotes	My bits!	
TwitchEmote-thechiefcash-1	AudienceEmotes	Ka-ching!	
TwitchEmote-thechiefcry-1	AudienceEmotes	Sad chief!	
TwitchEmote-thechieffail-1	AudienceEmotes	Fail!	
TwitchEmote-thechieffine-1	AudienceEmotes	Chief is fine!	
TwitchEmote-thechiefgasm-1	AudienceEmotes	Oh chief!	
TwitchEmote-thechiefhahaa-1	AudienceEmotes	Blush boy!	
TwitchEmote-thechiefhey-1	AudienceEmotes	Hey chief!	
TwitchEmote-thechiefhype-1	AudienceEmotes	Hype!	
TwitchEmote-thechiefkappa-1	AudienceEmotes	Kappa chief!	
TwitchEmote-thechieflove-1	AudienceEmotes	Love chief!	
TwitchEmote-thechiefnailedit-1	AudienceEmotes	Nailed it!	
TwitchEmote-thechiefrekt-1	AudienceEmotes	Rekt!	
TwitchEmote-thechiefwhip-1	AudienceEmotes	Whip!	
TwitchEmote-thechiefdeal-1	AudienceEmotes	Deal with it!	
TwitchEmote-thensiX-1	AudienceEmotes	The ensix!	
TwitchEmote-toothplulz-1	AudienceEmotes	Toothy luls!	
TwitchEmote-toothplove-1	AudienceEmotes	Beer!	
TwitchEmote-toothptroll-1	AudienceEmotes	Happy Lady!	
TwitchEmote-vastlite-1	AudienceEmotes	VastLite!	
TwitchEmote-vastlite-2	AudienceEmotes	Hello VastLite!	
TwitchEmote-vastlite-3	AudienceEmotes	Jonathan!	
TwitchEmote-vgrealnice-1	AudienceEmotes	Very nice!	
TwitchEmote-vgrealnice-2	AudienceEmotes	Real nice!	
TwitchEmote-vgrealhd-1	AudienceEmotes	H D sausage!	
TwitchEmote-vithrt-1	AudienceEmotes	Heart girl!	
TwitchEmote-vithrt-2	AudienceEmotes	Love love love!	
TwitchEmote-vitrich-1	AudienceEmotes	Rich!	
TwitchEmote-vitrich-2	AudienceEmotes	So rich!	
TwitchEmote-vitvit-1	AudienceEmotes	ViteC!	
TwitchEmote-vitvit-2	AudienceEmotes	Go ViteC!	
TwitchEmote-vituc-1	AudienceEmotes	Flower!	
TwitchEmote-vitcrab-1	AudienceEmotes	Crab!	
TwitchEmote-vitcrab-2	AudienceEmotes	More crabs!	
TwitchEmote-vitcrab-3	AudienceEmotes	We want crab!	
TwitchEmote-vithype-1	AudienceEmotes	Rainbows!	
TwitchEmote-vitcube-1	AudienceEmotes	Cube!	
TwitchEmote-vitcube-2	AudienceEmotes	Laughing cube!	
TwitchEmote-wgneyas-1	AudienceEmotes	Cat boy!	
TwitchEmote-wgntime-1	AudienceEmotes	What time is it?	
TwitchEmote-wildezuh-1	AudienceEmotes	uh!	
TwitchEmote-woolsytribe-1	AudienceEmotes	Tribe hype!	
TwitchEmote-woolsywut-1	AudienceEmotes	Wut you say?	
TwitchEmote-woolsydaddy-1	AudienceEmotes	Who is your father?	
TwitchEmote-x13angbangfail-1	AudienceEmotes	Failure!	
TwitchEmote-x343dilove-1	AudienceEmotes	Love sloth!	
TwitchEmote-x343disloth2-1	AudienceEmotes	Can't sloth this!	
TwitchEmote-x343disloth-1	AudienceEmotes	Astro-sloth!	
TwitchEmote-yurizcry-1	AudienceEmotes	Yuri sad!	
TwitchEmote-yurizfail-1	AudienceEmotes	Fail!	
TwitchEmote-yurizhi-1	AudienceEmotes	Hi Yuri!	
TwitchEmote-yurizhype-1	AudienceEmotes	Happy Yuri!	
TwitchEmote-yurizlol-1	AudienceEmotes	L O L!	
TwitchEmote-yurizlove-1	AudienceEmotes	Yuri love!	
TwitchEmote-yurizlow-1	AudienceEmotes	Low	
TwitchEmote-yurizrage-1	AudienceEmotes	Yuri Rage!	
TwitchEmote-yurizrip-1	AudienceEmotes	Rip Yuri!	
TwitchEmote-yurizscared-1	AudienceEmotes	Scared!	
TwitchEmote-yurizkappa-1	AudienceEmotes	Kappa Yuri!	
TwitchEmote-yurizgold-1	AudienceEmotes	Yellow boy!	
TwitchEmote-yuuiefacepalm-1	AudienceEmotes	Face palm!	
TwitchEmote-yuuies-1	AudienceEmotes	So sad!	
TwitchEmote-yuuiesas-1	AudienceEmotes	Sassy!	
TwitchEmote-yuuiewhat-1	AudienceEmotes	What you say?	
TwitchEmote-yuuiebuttstalking-1	AudienceEmotes	Talking butt!	
TwitchEmote-yuuieevil-1	AudienceEmotes	Muahahaha!	
TwitchEmote-yuuielate-1	AudienceEmotes	Late!	
TwitchEmote-yuuiegasm-1	AudienceEmotes	Oooooh yuuie!	
TwitchEmote-yuuiepog-1	AudienceEmotes	Pog Yuuie!	
TwitchEmote-yuuieeep-1	AudienceEmotes	Eeeeeeeeep!	
TwitchEmote-yuuiehey-1	AudienceEmotes	Hey Yuuie!	
TwitchEmote-yuuiedrink-1	AudienceEmotes	Drunk!	
TwitchEmote-yuuierage-1	AudienceEmotes	Rage!	
TwitchEmote-yuuierage-2	AudienceEmotes	Grrrr!	
TwitchEmote-yuuiegold-1	AudienceEmotes	Golden Yuuie!	
TwitchEmote-yuuiel-1	AudienceEmotes	LOL!	
TwitchEmote-yuuiec-1	AudienceEmotes	Creepy!	
TwitchEmote-yuuiepoopy-1	AudienceEmotes	Poopy!	
TwitchEmote-yuuiep-1	AudienceEmotes	Pooping!	
TwitchEmote-yuuiehype-1	AudienceEmotes	Hype!	
TwitchEmote-yuuiesenpai-1	AudienceEmotes	Notice me senpai!	
TwitchEmote-yuuieb-1	AudienceEmotes	Boo!	
TwitchEmote-yuuiebilly-1	AudienceEmotes	Billy!	
TwitchEmote-yuuiew-1	AudienceEmotes	He he he!	
TwitchEmote-yuuieflex-1	AudienceEmotes	Strong!	
TwitchEmote-yuuieflex-2	AudienceEmotes	Such guns!	
TwitchEmote-yuuiesub-1	AudienceEmotes	Subscribed!	
TwitchEmote-yuuierekt-1	AudienceEmotes	Rekt!	
TwitchEmote-yuuienum1-1	AudienceEmotes	Number 1!	
TwitchEmote-yuuiemlady-1	AudienceEmotes	My lady!	
TwitchEmote-zaffagroaar-1	AudienceEmotes	Zaffa roar!	
TwitchEmote-zaffawat-1	AudienceEmotes	What?	
TwitchEmote-zeke1-1	AudienceEmotes	F A	
TwitchEmote-zeke2-1	AudienceEmotes	C E	
TwitchEmote-zeke3-1	AudienceEmotes	E M	
TwitchEmote-zeke4-1	AudienceEmotes	O T E	
TwitchEmote-zeke7-1	AudienceEmotes	Salute!	
TwitchEmote-zekebiz-1	AudienceEmotes	Unicorn!	
TwitchEmote-zekebro-1	AudienceEmotes	Fire punch!	
TwitchEmote-zekecat-1	AudienceEmotes	Meow!	
TwitchEmote-zekecry-1	AudienceEmotes	Sad!	
TwitchEmote-zekedad-1	AudienceEmotes	Father!	
TwitchEmote-zekefail-1	AudienceEmotes	fail!	
TwitchEmote-zekefist-1	AudienceEmotes	Fist!	
TwitchEmote-zekefk-1	AudienceEmotes	Fire hammer!	
TwitchEmote-zekegg-1	AudienceEmotes	g g!	
TwitchEmote-zekegod-1	AudienceEmotes	God monkey!	
TwitchEmote-zekehappy-1	AudienceEmotes	Happy!	
TwitchEmote-zekehi-1	AudienceEmotes	Hi!	
TwitchEmote-zekehype-1	AudienceEmotes	Hype!	
TwitchEmote-zekekappa-1	AudienceEmotes	Kappa Zeke!	
TwitchEmote-zekelewd-1	AudienceEmotes	Blush!	
TwitchEmote-zekelove-1	AudienceEmotes	Fire love!	
TwitchEmote-zekeluv-1	AudienceEmotes	L U L!	
TwitchEmote-zekelurk-1	AudienceEmotes	Lurker!	
TwitchEmote-zekemom-1	AudienceEmotes	Call your mother!	
TwitchEmote-zekerage-1	AudienceEmotes	Rage!	
TwitchEmote-zekerekt-1	AudienceEmotes	Rekt!	
TwitchEmote-zekesalt-1	AudienceEmotes	Salt!	
TwitchEmote-zekesmrt-1	AudienceEmotes	Great idea!	
TwitchEmote-zekeyup-1	AudienceEmotes	Yup!	
TwitchEmote-zeke999-1	AudienceEmotes	9 9 9!	
TwitchEmote-zek2499-1	AudienceEmotes	2 4 9 9!	
TwitchEmote-zmagicsalt-1	AudienceEmotes	Magic salt!	
TwitchEmote-zmagicletsgo-1	AudienceEmotes	Let's go!	
TwitchEmote-zmagicrage-1	AudienceEmotes	Rage!	
TwitchEmote-harmfulahh-1	AudienceEmotes	Ahhh!	
TwitchEmote-harmfuldr-1	AudienceEmotes	D R	
TwitchEmote-harmfulfine-1	AudienceEmotes	It's fine!	
TwitchEmote-harmfulgirl-1	AudienceEmotes	Curious girl!	
TwitchEmote-harmfulgrin-1	AudienceEmotes	Mwa ha ha!	
TwitchEmote-harmfulhehe-1	AudienceEmotes	He he!	
TwitchEmote-harmfulhhh-1	AudienceEmotes	Hot water!	
TwitchEmote-harmfulhmm-1	AudienceEmotes	Thinking!	
TwitchEmote-harmfullate-1	AudienceEmotes	Late!	
TwitchEmote-harmfullotl-1	AudienceEmotes	Poor boy!	
TwitchEmote-harmfulmoose-1	AudienceEmotes	Bark!	
TwitchEmote-harmfuloven-1	AudienceEmotes	Warm!	
TwitchEmote-harmfulpef-1	AudienceEmotes	Golden ticket!	
TwitchEmote-harmfulrigged-1	AudienceEmotes	Not fair!	
TwitchEmote-harmfulkappa-1	AudienceEmotes	Purple Kappa!	
TwitchEmote-crreamaw-1	AudienceEmotes	Aww!	
TwitchEmote-crreamblank-1	AudienceEmotes	Hmmmm	
TwitchEmote-crreambless-1	AudienceEmotes	Bless!	
TwitchEmote-crreamcalc-1	AudienceEmotes	Calculation!	
TwitchEmote-crreamcop-1	AudienceEmotes	The fuzz!	
TwitchEmote-crreamcry-1	AudienceEmotes	Not like this!	
TwitchEmote-crreamdap-1	AudienceEmotes	Indeed!	
TwitchEmote-crreamderp-1	AudienceEmotes	Derp Yeti!	
TwitchEmote-crreamelf-1	AudienceEmotes	Christmas Yeti!	
TwitchEmote-crreamfat-1	AudienceEmotes	Om nom!	
TwitchEmote-crreamfish-1	AudienceEmotes	Fish wear!	
TwitchEmote-crreamgasm-1	AudienceEmotes	Oh wow!	
TwitchEmote-crreamgasm-2	AudienceEmotes	Excited yeti!	
TwitchEmote-crreamhype-1	AudienceEmotes	Woo hoo!	
TwitchEmote-crreamhype-1	AudienceEmotes	Yeti hype!	
TwitchEmote-crreamlove-1	AudienceEmotes	Frosty love!	
TwitchEmote-crreamlurk-1	AudienceEmotes	Hello neighbor!	
TwitchEmote-crreamnuke-1	AudienceEmotes	BOOM!	
TwitchEmote-crreampanic-1	AudienceEmotes	Ahhhhh!	
TwitchEmote-crreampanic-2	AudienceEmotes	Panic!	
TwitchEmote-crreamree-1	AudienceEmotes	Nooooooooo!	
TwitchEmote-crreamriot-1	AudienceEmotes	Riot!	
TwitchEmote-crreamriot-2	AudienceEmotes	Yaaaaaaahhhh!	
TwitchEmote-crreamsi-1	AudienceEmotes	Tasty drink!	
TwitchEmote-crreamsloth-1	AudienceEmotes	Devious sloth!	
TwitchEmote-crreamstick-1	AudienceEmotes	Attack!	
TwitchEmote-crreamstick-2	AudienceEmotes	Stick!	
TwitchEmote-crreamswag-1	AudienceEmotes	Swag!	
TwitchEmote-crreamthink-1	AudienceEmotes	Hmm!	
TwitchEmote-crreamwat-1	AudienceEmotes	Wat!	
TwitchEmote-crreamphish-1	AudienceEmotes	Fish man!	
TwitchEmote-crreampanda-1	AudienceEmotes	Panda man!	
TwitchEmote-greekalpha-1	AudienceEmotes	Alpha!	
TwitchEmote-greekamen-1	AudienceEmotes	Rejoice!	
TwitchEmote-greekbob-1	AudienceEmotes	Bop!	
TwitchEmote-greekbrow-1	AudienceEmotes	Hello!	
TwitchEmote-greekc-1	AudienceEmotes	Help!	
TwitchEmote-greekcall-1	AudienceEmotes	Ring ring!	
TwitchEmote-greekd1-1	AudienceEmotes	Happy man!	
TwitchEmote-greekd2-1	AudienceEmotes	Happy friend!	
TwitchEmote-greekdiet-1	AudienceEmotes	Hungry man!	
TwitchEmote-greekgasm-1	AudienceEmotes	Excited man!	
TwitchEmote-greekha-1	AudienceEmotes	Ha!	
TwitchEmote-greekhahaa-1	AudienceEmotes	Ha haaaaaa	
TwitchEmote-greekhey-1	AudienceEmotes	Hey greek!	
TwitchEmote-greekjim-1	AudienceEmotes	Monkey salute!	
TwitchEmote-greekknight-1	AudienceEmotes	Fight me!	
TwitchEmote-greekkona-1	AudienceEmotes	Kona!	
TwitchEmote-greekl-1	AudienceEmotes	Love!	
TwitchEmote-greeklul-1	AudienceEmotes	LUL!	
TwitchEmote-greekm-1	AudienceEmotes	Mate!	
TwitchEmote-greekmeat-1	AudienceEmotes	Meaty!	
TwitchEmote-greekmidget-1	AudienceEmotes	Man!	
TwitchEmote-greekmonka-1	AudienceEmotes	Worry!	
TwitchEmote-greeknlt-1	AudienceEmotes	Nooooo!	
TwitchEmote-greeko-1	AudienceEmotes	Leech!	
TwitchEmote-greekomega-1	AudienceEmotes	Omega Greek!	
TwitchEmote-greekpride-1	AudienceEmotes	Greek Pride!	
TwitchEmote-greekshhh-1	AudienceEmotes	Shush.	
TwitchEmote-greeksleeper-1	AudienceEmotes	Sleep!	
TwitchEmote-greektrue-1	AudienceEmotes	True!	
TwitchEmote-greektilt-1	AudienceEmotes	Rage!	
TwitchEmote-greekurturn-1	AudienceEmotes	Your turn!	
TwitchEmote-greekwut-1	AudienceEmotes	Wut!	
TwitchEmote-greekg-1	AudienceEmotes	Golden!	
TwitchEmote-hogpotkeycard-1	AudienceEmotes	Key card!	
TwitchEmote-therudyagent-1	AudienceEmotes	Agent!	
TwitchEmote-therudycowboy-1	AudienceEmotes	Cool guy!	
TwitchEmote-therudycute-1	AudienceEmotes	Fox!	
TwitchEmote-therudydayalutik-1	AudienceEmotes	Sad!	
TwitchEmote-therudyhello-1	AudienceEmotes	Hello!	
TwitchEmote-therudymmm-1	AudienceEmotes	Mmmmm.	
TwitchEmote-therudysubhype-1	AudienceEmotes	Sub hype!	
TwitchEmote-therudytriggered-1	AudienceEmotes	Angry!	
TwitchEmote-therudyugar-1	AudienceEmotes	Sunglass man!	
TwitchEmote-therudywtf-1	AudienceEmotes	Confusing man!	
TwitchEmote-bowzzangry-1	AudienceEmotes	Angry bread!	
TwitchEmote-bowzzbody-1	AudienceEmotes	Tasty bread!	
TwitchEmote-bowzzbye-1	AudienceEmotes	Bye!	
TwitchEmote-bowzzcry-1	AudienceEmotes	Sad mouse!	
TwitchEmote-bowzzdance-1	AudienceEmotes	Dancing mouse!	
TwitchEmote-bowzzhi-1	AudienceEmotes	Greetings!	
TwitchEmote-bowzzjeer-1	AudienceEmotes	Jeering mouse!	
TwitchEmote-bowzzliverpool-1	AudienceEmotes	Liverpool!	
TwitchEmote-bowzzliverpool-2	AudienceEmotes	Never walk alone!	
TwitchEmote-bowzzoo-1	AudienceEmotes	Happy bread!	
TwitchEmote-bowzzreservist-1	AudienceEmotes	Reservist!	
TwitchEmote-bowzzyee-1	AudienceEmotes	Dinosaur!	
TwitchEmote-bowzzyeee-1	AudienceEmotes	Cute dinosaur!	
TwitchEmote-bowzzgolden-1	AudienceEmotes	Golden mouse!	
TwitchEmote-bowzzvvv-1	AudienceEmotes	Fabulous mouse!	
TwitchEmote-morphyamazing-1	AudienceEmotes	Amazed!	
TwitchEmote-morphyangel-1	AudienceEmotes	Sleeping!	
TwitchEmote-morphyblind-1	AudienceEmotes	Blindfold!	
TwitchEmote-morphyblush-1	AudienceEmotes	Blushing!	
TwitchEmote-morphyboom-1	AudienceEmotes	Boom!	
TwitchEmote-morphychill-1	AudienceEmotes	Cool bear!	
TwitchEmote-morphycorn-1	AudienceEmotes	Popcorn!	
TwitchEmote-morphydamn-1	AudienceEmotes	Wow!	
TwitchEmote-morphydare-1	AudienceEmotes	How dare you!	
TwitchEmote-morphygasm-1	AudienceEmotes	Happy bear!	
TwitchEmote-morphygasp-1	AudienceEmotes	Gasp!	
TwitchEmote-morphyhey-1	AudienceEmotes	Hello friend!	
TwitchEmote-morphyhype-1	AudienceEmotes	Yay!	
TwitchEmote-morphylul-1	AudienceEmotes	Lul!	
TwitchEmote-morphylove-1	AudienceEmotes	Love!	
TwitchEmote-morphypeep-1	AudienceEmotes	Ahoy!	
TwitchEmote-morphypuke-1	AudienceEmotes	Vom!	
TwitchEmote-morphyrage-1	AudienceEmotes	Grizzly rage!	
TwitchEmote-morphythump-1	AudienceEmotes	Sad bear!	
TwitchEmote-morphywut-1	AudienceEmotes	Wut!	
TwitchEmote-morphyparty-1	AudienceEmotes	Party bear!	
TwitchEmote-morphyhi-1	AudienceEmotes	Skeleton bear!	
TwitchEmote-federa1g-1	AudienceEmotes	Money ghost!	
TwitchEmote-federa1fg-1	AudienceEmotes	Federal ghost!	
TwitchEmote-federa100-1	AudienceEmotes	Franklin!	
TwitchEmote-federa100-2	AudienceEmotes	Founding father!	
TwitchEmote-onsapprove-1	AudienceEmotes	Approve!	
TwitchEmote-onsbaited-1	AudienceEmotes	Baited!	
TwitchEmote-onsban-1	AudienceEmotes	Ban!	
TwitchEmote-onsboom-1	AudienceEmotes	Boom!	
TwitchEmote-onsdank-1	AudienceEmotes	Dank!	
TwitchEmote-onsf-1	AudienceEmotes	Face!	
TwitchEmote-onsftw-1	AudienceEmotes	For the win!	
TwitchEmote-onsfacepalm-1	AudienceEmotes	Facepalm!	
TwitchEmote-onsfrosty-1	AudienceEmotes	Meow!	
TwitchEmote-onsgasm-1	AudienceEmotes	Happy man!	
TwitchEmote-onshat-1	AudienceEmotes	Lad hat!	
TwitchEmote-onsj-1	AudienceEmotes	Mini face!	
TwitchEmote-onsklappa-1	AudienceEmotes	Klappa!	
TwitchEmote-onslad-1	AudienceEmotes	Lad!	
TwitchEmote-onsladette-1	AudienceEmotes	Lad ette!	
TwitchEmote-onslul-1	AudienceEmotes	LUL!	
TwitchEmote-onslove-1	AudienceEmotes	Love!	
TwitchEmote-onsnade-1	AudienceEmotes	England grenade!	
TwitchEmote-onsneilm-1	AudienceEmotes	Neil!	
TwitchEmote-onsrigged-1	AudienceEmotes	Rigged!	
TwitchEmote-onssg-1	AudienceEmotes	Golden gun!	
TwitchEmote-onstea-1	AudienceEmotes	Tea!	
TwitchEmote-onsump-1	AudienceEmotes	Ump!	
TwitchEmote-onsw-1	AudienceEmotes	Face!	
TwitchEmote-onsw1-1	AudienceEmotes	Right eye!	
TwitchEmote-onsw2-1	AudienceEmotes	Left eye!	
TwitchEmote-onsw3-1	AudienceEmotes	Mouth!	
TwitchEmote-onsw4-1	AudienceEmotes	Teeth!	
TwitchEmote-onswat-1	AudienceEmotes	Confuse!	
TwitchEmote-onsballer-1	AudienceEmotes	Lad hat!	
TwitchEmote-onsglad-1	AudienceEmotes	Golden lad!	
TwitchEmote-urbanbez-1	AudienceEmotes	E Z	
TwitchEmote-urbanbgobek-1	AudienceEmotes	Gobek!	
TwitchEmote-urbanbowow-1	AudienceEmotes	Wow!	

